038003,192.168.97.5,GET,https://ddevboot.ddev.site/node,1738722348,038003,200,request
c922d4,192.168.97.5,GET,https://ddevboot.ddev.site/node,1738722348,038003,200,request
a86d90,192.168.97.5,GET,https://ddevboot.ddev.site/node,1738722348,038003,200,request
9bc334,192.168.97.5,GET,https://ddevboot.ddev.site/node,1738722348,038003,200,request
ce6a42,192.168.97.5,GET,https://ddevboot.ddev.site/node,1738722348,038003,200,request
b17a97,192.168.97.5,GET,https://ddevboot.ddev.site/node,1738722348,038003,200,request
7e6827,192.168.97.5,GET,https://ddevboot.ddev.site/node,1738722348,038003,200,request
408be2,192.168.97.5,GET,https://ddevboot.ddev.site/node,1738722348,038003,200,request
7ff327,192.168.97.5,GET,https://ddevboot.ddev.site/node,1738722348,038003,200,request
f8b31f,192.168.97.5,GET,https://ddevboot.ddev.site/admin/config,1738722579,f8b31f,200,request
cac38c,192.168.97.5,GET,https://ddevboot.ddev.site/admin/config,1738722580,f8b31f,200,request
dcdd19,192.168.97.5,GET,https://ddevboot.ddev.site/admin/config,1738722580,f8b31f,200,request
c00baf,192.168.97.5,GET,https://ddevboot.ddev.site/admin/config,1738722580,f8b31f,200,request
9c2062,192.168.97.5,GET,https://ddevboot.ddev.site/admin/config,1738722580,f8b31f,200,request
e3d485,192.168.97.5,GET,https://ddevboot.ddev.site/admin/config,1738722580,f8b31f,200,request
36df09,192.168.97.5,GET,https://ddevboot.ddev.site/admin/config,1738722580,f8b31f,200,request
d564b2,192.168.97.5,GET,https://ddevboot.ddev.site/admin/config,1738722580,f8b31f,200,request
c75f34,192.168.97.5,GET,https://ddevboot.ddev.site/admin/config,1738722580,f8b31f,200,request
1e7fd8,192.168.97.5,GET,https://ddevboot.ddev.site/admin/appearance,1738722582,1e7fd8,200,request
7208a6,192.168.97.5,GET,https://ddevboot.ddev.site/admin/appearance,1738722582,1e7fd8,200,request
6eda62,192.168.97.5,GET,https://ddevboot.ddev.site/admin/appearance,1738722582,1e7fd8,200,request
2fc024,192.168.97.5,GET,https://ddevboot.ddev.site/admin/appearance,1738722582,1e7fd8,200,request
bd2415,192.168.97.5,GET,https://ddevboot.ddev.site/admin/appearance,1738722582,1e7fd8,200,request
c5143f,192.168.97.5,GET,https://ddevboot.ddev.site/admin/appearance,1738722582,1e7fd8,200,request
883323,192.168.97.5,GET,https://ddevboot.ddev.site/admin/appearance,1738722582,1e7fd8,200,request
355474,192.168.97.5,GET,https://ddevboot.ddev.site/admin/appearance,1738722582,1e7fd8,200,request
6a8965,192.168.97.5,GET,https://ddevboot.ddev.site/admin/appearance,1738722582,1e7fd8,200,request
3fca4b,192.168.97.5,GET,https://ddevboot.ddev.site/admin/appearance,1738722582,1e7fd8,200,request
03e176,192.168.97.5,GET,https://ddevboot.ddev.site/admin/appearance,1738722582,1e7fd8,200,request
9a4cbd,192.168.97.5,GET,https://ddevboot.ddev.site/admin/appearance,1738722582,1e7fd8,200,request
f070c5,192.168.97.5,GET,https://ddevboot.ddev.site/admin/appearance,1738722582,1e7fd8,200,request
efb3f4,192.168.97.5,GET,https://ddevboot.ddev.site/admin/appearance,1738722582,1e7fd8,200,request
9728ca,192.168.97.5,GET,https://ddevboot.ddev.site/admin/appearance/install?theme=adminimal_theme&token=Pk2jSdglJLHEaxzmzKc3heDoqJRmcEKIhh9d8-U2b1c,1738722591,9728ca,302,request
b57cca,192.168.97.5,GET,https://ddevboot.ddev.site/admin/appearance,1738722591,b57cca,200,request
06bbe0,192.168.97.5,GET,https://ddevboot.ddev.site/admin/appearance,1738722591,b57cca,200,request
de9c6a,192.168.97.5,GET,https://ddevboot.ddev.site/admin/appearance,1738722591,b57cca,200,request
f23b46,192.168.97.5,GET,https://ddevboot.ddev.site/admin/appearance,1738722591,b57cca,200,request
53b33f,192.168.97.5,GET,https://ddevboot.ddev.site/admin/appearance,1738722591,b57cca,200,request
09f9bd,192.168.97.5,GET,https://ddevboot.ddev.site/admin/appearance,1738722591,b57cca,200,request
80acf8,192.168.97.5,GET,https://ddevboot.ddev.site/admin/appearance,1738722591,b57cca,200,request
6825a6,192.168.97.5,GET,https://ddevboot.ddev.site/admin/appearance,1738722591,b57cca,200,request
299b3b,192.168.97.5,GET,https://ddevboot.ddev.site/admin/appearance,1738722591,b57cca,200,request
fa8da9,192.168.97.5,GET,https://ddevboot.ddev.site/admin/appearance,1738722591,b57cca,200,request
1d3c5f,192.168.97.5,GET,https://ddevboot.ddev.site/admin/appearance,1738722591,b57cca,200,request
aecfc6,192.168.97.5,GET,https://ddevboot.ddev.site/admin/appearance,1738722591,b57cca,200,request
c76283,192.168.97.5,GET,https://ddevboot.ddev.site/admin/appearance,1738722591,b57cca,200,request
06acd3,192.168.97.5,GET,https://ddevboot.ddev.site/admin/appearance,1738722591,b57cca,200,request
af38a8,192.168.97.5,POST,https://ddevboot.ddev.site/admin/appearance,1738722604,af38a8,303,request
736b17,192.168.97.5,GET,https://ddevboot.ddev.site/admin/appearance,1738722604,736b17,200,request
1107b2,192.168.97.5,GET,https://ddevboot.ddev.site/admin/appearance,1738722604,736b17,200,request
f12544,192.168.97.5,GET,https://ddevboot.ddev.site/admin/appearance,1738722604,736b17,200,request
8e935b,192.168.97.5,GET,https://ddevboot.ddev.site/admin/appearance,1738722604,736b17,200,request
491295,192.168.97.5,GET,https://ddevboot.ddev.site/admin/appearance,1738722604,736b17,200,request
54853a,192.168.97.5,GET,https://ddevboot.ddev.site/admin/appearance,1738722604,736b17,200,request
7fdc4b,192.168.97.5,GET,https://ddevboot.ddev.site/admin/appearance,1738722605,736b17,200,request
b6ad99,192.168.97.5,GET,https://ddevboot.ddev.site/admin/appearance,1738722605,736b17,200,request
315fad,192.168.97.5,GET,https://ddevboot.ddev.site/admin/appearance,1738722605,736b17,200,request
c1602e,192.168.97.5,GET,https://ddevboot.ddev.site/admin/appearance,1738722605,736b17,200,request
fc61af,192.168.97.5,GET,https://ddevboot.ddev.site/admin/appearance,1738722605,736b17,200,request
de5e1c,192.168.97.5,GET,https://ddevboot.ddev.site/admin/appearance,1738722605,736b17,200,request
a6e520,192.168.97.5,GET,https://ddevboot.ddev.site/core/themes/stable/images/core/icons/787878/paintbrush.svg,1738722605,a6e520,200,request
c9d931,192.168.97.5,GET,https://ddevboot.ddev.site/core/themes/stable/images/core/icons/787878/paintbrush.svg,1738722605,c9d931,404,request
d884aa,192.168.97.5,GET,https://ddevboot.ddev.site/core/themes/stable/images/core/icons/787878/paintbrush.svg,1738722605,c9d931,200,request
4a93b1,192.168.97.5,GET,https://ddevboot.ddev.site/core/themes/stable/images/core/icons/787878/paintbrush.svg,1738722605,c9d931,200,request
6669bd,192.168.97.5,GET,https://ddevboot.ddev.site/core/themes/stable/images/core/icons/787878/paintbrush.svg,1738722605,c9d931,200,request
81aa3d,192.168.97.5,GET,https://ddevboot.ddev.site/core/themes/stable/images/core/icons/787878/paintbrush.svg,1738722605,c9d931,200,request
3b0bc5,192.168.97.5,GET,https://ddevboot.ddev.site/core/themes/stable/images/core/icons/787878/paintbrush.svg,1738722605,c9d931,200,request
474f5e,192.168.97.5,GET,https://ddevboot.ddev.site/core/themes/stable/images/core/icons/787878/paintbrush.svg,1738722605,c9d931,200,request
f89ab9,192.168.97.5,GET,https://ddevboot.ddev.site/core/themes/stable/images/core/icons/787878/paintbrush.svg,1738722605,c9d931,200,request
79796c,192.168.97.5,GET,https://ddevboot.ddev.site/core/themes/stable/images/core/icons/787878/paintbrush.svg,1738722605,c9d931,200,request
c145b9,192.168.97.5,GET,https://ddevboot.ddev.site/admin/reports/updates/update,1738722617,c145b9,200,request
539905,192.168.97.5,GET,https://ddevboot.ddev.site/admin/reports/updates/update,1738722617,c145b9,200,request
a941c9,192.168.97.5,GET,https://ddevboot.ddev.site/admin/reports/updates/update,1738722617,c145b9,200,request
92daa1,192.168.97.5,GET,https://ddevboot.ddev.site/admin/reports/updates/update,1738722617,c145b9,200,request
de48a5,192.168.97.5,GET,https://ddevboot.ddev.site/admin/reports/updates/update,1738722617,c145b9,200,request
083ff1,192.168.97.5,GET,https://ddevboot.ddev.site/admin/reports/updates/update,1738722617,c145b9,200,request
b7bfec,192.168.97.5,GET,https://ddevboot.ddev.site/admin/reports/updates/update,1738722617,c145b9,200,request
5e40f9,192.168.97.5,GET,https://ddevboot.ddev.site/admin/reports/updates/update,1738722617,c145b9,200,request
6115a8,192.168.97.5,GET,https://ddevboot.ddev.site/admin/reports/updates/update,1738722617,c145b9,200,request
3a57f5,192.168.97.5,GET,https://ddevboot.ddev.site/admin/reports/updates/update,1738722617,c145b9,200,request
e9329a,192.168.97.5,GET,https://ddevboot.ddev.site/core/themes/stable/images/core/icons/787878/barchart.svg,1738722617,e9329a,200,request
e09bc2,192.168.97.5,GET,https://ddevboot.ddev.site/core/themes/stable/images/core/icons/787878/barchart.svg,1738722617,e09bc2,404,request
255ac2,192.168.97.5,GET,https://ddevboot.ddev.site/core/themes/stable/images/core/icons/787878/barchart.svg,1738722617,e09bc2,200,request
7730b1,192.168.97.5,GET,https://ddevboot.ddev.site/core/themes/stable/images/core/icons/787878/barchart.svg,1738722617,e09bc2,200,request
33876e,192.168.97.5,GET,https://ddevboot.ddev.site/core/themes/stable/images/core/icons/787878/barchart.svg,1738722617,e09bc2,200,request
d3ce1e,192.168.97.5,GET,https://ddevboot.ddev.site/core/themes/stable/images/core/icons/787878/barchart.svg,1738722617,e09bc2,200,request
0018d4,192.168.97.5,GET,https://ddevboot.ddev.site/core/themes/stable/images/core/icons/787878/barchart.svg,1738722617,e09bc2,200,request
5822c7,192.168.97.5,GET,https://ddevboot.ddev.site/core/themes/stable/images/core/icons/787878/barchart.svg,1738722617,e09bc2,200,request
929355,192.168.97.5,GET,https://ddevboot.ddev.site/core/themes/stable/images/core/icons/787878/barchart.svg,1738722617,e09bc2,200,request
a2e766,192.168.97.5,GET,https://ddevboot.ddev.site/core/themes/stable/images/core/icons/787878/barchart.svg,1738722617,e09bc2,200,request
b903a1,192.168.97.5,GET,https://ddevboot.ddev.site/admin/reports/updates,1738722654,b903a1,200,request
8ac7f4,192.168.97.5,GET,https://ddevboot.ddev.site/admin/reports/updates,1738722654,b903a1,200,request
afdae7,192.168.97.5,GET,https://ddevboot.ddev.site/admin/reports/updates,1738722654,b903a1,200,request
f88e33,192.168.97.5,GET,https://ddevboot.ddev.site/admin/reports/updates,1738722654,b903a1,200,request
0909cf,192.168.97.5,GET,https://ddevboot.ddev.site/admin/reports/updates,1738722654,b903a1,200,request
25158c,192.168.97.5,GET,https://ddevboot.ddev.site/admin/reports/updates,1738722654,b903a1,200,request
5015ed,192.168.97.5,GET,https://ddevboot.ddev.site/admin/reports/updates,1738722654,b903a1,200,request
0368d9,192.168.97.5,GET,https://ddevboot.ddev.site/admin/reports/updates,1738722654,b903a1,200,request
5ba8ac,192.168.97.5,GET,https://ddevboot.ddev.site/admin/reports/updates,1738722654,b903a1,200,request
eed45b,192.168.97.5,GET,https://ddevboot.ddev.site/core/themes/stable/images/core/icons/787878/barchart.svg,1738722654,eed45b,200,request
a7b754,192.168.97.5,GET,https://ddevboot.ddev.site/core/themes/stable/images/core/icons/787878/barchart.svg,1738722654,a7b754,404,request
63fc97,192.168.97.5,GET,https://ddevboot.ddev.site/core/themes/stable/images/core/icons/787878/barchart.svg,1738722654,a7b754,200,request
a83bcf,192.168.97.5,GET,https://ddevboot.ddev.site/core/themes/stable/images/core/icons/787878/barchart.svg,1738722654,a7b754,200,request
85f93c,192.168.97.5,GET,https://ddevboot.ddev.site/core/themes/stable/images/core/icons/787878/barchart.svg,1738722654,a7b754,200,request
fcbfd7,192.168.97.5,GET,https://ddevboot.ddev.site/core/themes/stable/images/core/icons/787878/barchart.svg,1738722654,a7b754,200,request
68d0fd,192.168.97.5,GET,https://ddevboot.ddev.site/core/themes/stable/images/core/icons/787878/barchart.svg,1738722654,a7b754,200,request
08d639,192.168.97.5,GET,https://ddevboot.ddev.site/core/themes/stable/images/core/icons/787878/barchart.svg,1738722654,a7b754,200,request
4b6faa,192.168.97.5,GET,https://ddevboot.ddev.site/core/themes/stable/images/core/icons/787878/barchart.svg,1738722654,a7b754,200,request
c11d55,192.168.97.5,GET,https://ddevboot.ddev.site/core/themes/stable/images/core/icons/787878/barchart.svg,1738722654,a7b754,200,request
1a39b0,192.168.97.5,GET,https://ddevboot.ddev.site/admin/appearance,1738722692,1a39b0,200,request
e22ad6,192.168.97.5,GET,https://ddevboot.ddev.site/admin/appearance,1738722692,1a39b0,200,request
19b658,192.168.97.5,GET,https://ddevboot.ddev.site/admin/appearance,1738722692,1a39b0,200,request
7f36b4,192.168.97.5,GET,https://ddevboot.ddev.site/admin/appearance,1738722692,1a39b0,200,request
da9931,192.168.97.5,GET,https://ddevboot.ddev.site/admin/appearance,1738722692,1a39b0,200,request
b3b702,192.168.97.5,GET,https://ddevboot.ddev.site/admin/appearance,1738722692,1a39b0,200,request
b4dad3,192.168.97.5,GET,https://ddevboot.ddev.site/admin/appearance,1738722692,1a39b0,200,request
5d6d95,192.168.97.5,GET,https://ddevboot.ddev.site/admin/appearance,1738722692,1a39b0,200,request
a6cf8e,192.168.97.5,GET,https://ddevboot.ddev.site/admin/appearance,1738722692,1a39b0,200,request
845cca,192.168.97.5,GET,https://ddevboot.ddev.site/admin/appearance,1738722692,1a39b0,200,request
ec9c9e,192.168.97.5,GET,https://ddevboot.ddev.site/admin/appearance,1738722692,1a39b0,200,request
b1a686,192.168.97.5,GET,https://ddevboot.ddev.site/admin/appearance,1738722692,1a39b0,200,request
6fac48,192.168.97.5,GET,https://ddevboot.ddev.site/core/themes/stable/images/core/icons/787878/paintbrush.svg,1738722692,6fac48,200,request
b90094,192.168.97.5,GET,https://ddevboot.ddev.site/core/themes/stable/images/core/icons/787878/paintbrush.svg,1738722692,b90094,404,request
9e551b,192.168.97.5,GET,https://ddevboot.ddev.site/core/themes/stable/images/core/icons/787878/paintbrush.svg,1738722692,b90094,200,request
f2a16d,192.168.97.5,GET,https://ddevboot.ddev.site/core/themes/stable/images/core/icons/787878/paintbrush.svg,1738722692,b90094,200,request
13c20d,192.168.97.5,GET,https://ddevboot.ddev.site/core/themes/stable/images/core/icons/787878/paintbrush.svg,1738722692,b90094,200,request
ffaeb9,192.168.97.5,GET,https://ddevboot.ddev.site/core/themes/stable/images/core/icons/787878/paintbrush.svg,1738722692,b90094,200,request
1e9280,192.168.97.5,GET,https://ddevboot.ddev.site/core/themes/stable/images/core/icons/787878/paintbrush.svg,1738722692,b90094,200,request
1c2509,192.168.97.5,GET,https://ddevboot.ddev.site/core/themes/stable/images/core/icons/787878/paintbrush.svg,1738722692,b90094,200,request
a3e552,192.168.97.5,GET,https://ddevboot.ddev.site/core/themes/stable/images/core/icons/787878/paintbrush.svg,1738722692,b90094,200,request
397962,192.168.97.5,GET,https://ddevboot.ddev.site/core/themes/stable/images/core/icons/787878/paintbrush.svg,1738722692,b90094,200,request
0138b0,192.168.97.5,GET,https://ddevboot.ddev.site/core/themes/stable/images/core/icons/787878/barchart.svg,1738722701,0138b0,200,request
920374,192.168.97.5,GET,https://ddevboot.ddev.site/core/themes/stable/images/core/icons/787878/barchart.svg,1738722701,920374,404,request
4918f1,192.168.97.5,GET,https://ddevboot.ddev.site/core/themes/stable/images/core/icons/787878/barchart.svg,1738722701,920374,200,request
c36d1e,192.168.97.5,GET,https://ddevboot.ddev.site/core/themes/stable/images/core/icons/787878/barchart.svg,1738722701,920374,200,request
f1b583,192.168.97.5,GET,https://ddevboot.ddev.site/core/themes/stable/images/core/icons/787878/barchart.svg,1738722701,920374,200,request
8e599b,192.168.97.5,GET,https://ddevboot.ddev.site/core/themes/stable/images/core/icons/787878/barchart.svg,1738722701,920374,200,request
ab1048,192.168.97.5,GET,https://ddevboot.ddev.site/core/themes/stable/images/core/icons/787878/barchart.svg,1738722701,920374,200,request
fea84d,192.168.97.5,GET,https://ddevboot.ddev.site/core/themes/stable/images/core/icons/787878/barchart.svg,1738722701,920374,200,request
113112,192.168.97.5,GET,https://ddevboot.ddev.site/core/themes/stable/images/core/icons/787878/barchart.svg,1738722701,920374,200,request
eec31b,192.168.97.5,GET,https://ddevboot.ddev.site/core/themes/stable/images/core/icons/787878/barchart.svg,1738722701,920374,200,request
375b15,192.168.97.5,GET,https://ddevboot.ddev.site/admin/reports,1738722701,375b15,200,request
dcf58d,192.168.97.5,GET,https://ddevboot.ddev.site/admin/reports,1738722701,375b15,200,request
72936f,192.168.97.5,GET,https://ddevboot.ddev.site/admin/reports,1738722701,375b15,200,request
ddd0bb,192.168.97.5,GET,https://ddevboot.ddev.site/admin/reports,1738722701,375b15,200,request
fdd7f3,192.168.97.5,GET,https://ddevboot.ddev.site/admin/reports,1738722701,375b15,200,request
b24ff8,192.168.97.5,GET,https://ddevboot.ddev.site/admin/reports,1738722701,375b15,200,request
8e5e38,192.168.97.5,GET,https://ddevboot.ddev.site/admin/reports,1738722701,375b15,200,request
bcc884,192.168.97.5,GET,https://ddevboot.ddev.site/core/themes/stable/images/core/icons/787878/barchart.svg,1738722701,bcc884,200,request
355824,192.168.97.5,GET,https://ddevboot.ddev.site/core/themes/stable/images/core/icons/787878/barchart.svg,1738722701,355824,404,request
b23eb7,192.168.97.5,GET,https://ddevboot.ddev.site/core/themes/stable/images/core/icons/787878/barchart.svg,1738722701,355824,200,request
51dce2,192.168.97.5,GET,https://ddevboot.ddev.site/core/themes/stable/images/core/icons/787878/barchart.svg,1738722701,355824,200,request
96de16,192.168.97.5,GET,https://ddevboot.ddev.site/core/themes/stable/images/core/icons/787878/barchart.svg,1738722701,355824,200,request
d06af0,192.168.97.5,GET,https://ddevboot.ddev.site/core/themes/stable/images/core/icons/787878/barchart.svg,1738722701,355824,200,request
4af977,192.168.97.5,GET,https://ddevboot.ddev.site/core/themes/stable/images/core/icons/787878/barchart.svg,1738722701,355824,200,request
938689,192.168.97.5,GET,https://ddevboot.ddev.site/core/themes/stable/images/core/icons/787878/barchart.svg,1738722701,355824,200,request
ee1f2a,192.168.97.5,GET,https://ddevboot.ddev.site/core/themes/stable/images/core/icons/787878/barchart.svg,1738722701,355824,200,request
4127b9,192.168.97.5,GET,https://ddevboot.ddev.site/core/themes/stable/images/core/icons/787878/barchart.svg,1738722701,355824,200,request
956615,192.168.97.5,GET,https://ddevboot.ddev.site/admin/content,1738722705,956615,200,request
1b93cb,192.168.97.5,GET,https://ddevboot.ddev.site/admin/content,1738722705,956615,200,request
9be94e,192.168.97.5,GET,https://ddevboot.ddev.site/admin/content,1738722705,956615,200,request
f1311c,192.168.97.5,GET,https://ddevboot.ddev.site/admin/content,1738722705,956615,200,request
11ad3c,192.168.97.5,GET,https://ddevboot.ddev.site/admin/content,1738722705,956615,200,request
6769ea,192.168.97.5,GET,https://ddevboot.ddev.site/admin/content,1738722705,956615,200,request
52d854,192.168.97.5,GET,https://ddevboot.ddev.site/admin/content,1738722705,956615,200,request
3519a8,192.168.97.5,GET,https://ddevboot.ddev.site/admin/content,1738722705,956615,200,request
702d4d,192.168.97.5,GET,https://ddevboot.ddev.site/admin/content,1738722705,956615,200,request
18ed01,192.168.97.5,GET,https://ddevboot.ddev.site/core/themes/stable/images/core/icons/787878/file.svg,1738722705,18ed01,200,request
54904f,192.168.97.5,GET,https://ddevboot.ddev.site/core/themes/stable/images/core/icons/787878/file.svg,1738722705,54904f,404,request
33c833,192.168.97.5,GET,https://ddevboot.ddev.site/core/themes/stable/images/core/icons/787878/file.svg,1738722705,54904f,200,request
afc205,192.168.97.5,GET,https://ddevboot.ddev.site/core/themes/stable/images/core/icons/787878/file.svg,1738722705,54904f,200,request
ae1d2f,192.168.97.5,GET,https://ddevboot.ddev.site/core/themes/stable/images/core/icons/787878/file.svg,1738722705,54904f,200,request
870412,192.168.97.5,GET,https://ddevboot.ddev.site/core/themes/stable/images/core/icons/787878/file.svg,1738722705,54904f,200,request
f318aa,192.168.97.5,GET,https://ddevboot.ddev.site/core/themes/stable/images/core/icons/787878/file.svg,1738722705,54904f,200,request
3857aa,192.168.97.5,GET,https://ddevboot.ddev.site/core/themes/stable/images/core/icons/787878/file.svg,1738722705,54904f,200,request
465f89,192.168.97.5,GET,https://ddevboot.ddev.site/core/themes/stable/images/core/icons/787878/file.svg,1738722705,54904f,200,request
307a8e,192.168.97.5,GET,https://ddevboot.ddev.site/core/themes/stable/images/core/icons/787878/file.svg,1738722705,54904f,200,request
a2aab1,192.168.97.5,GET,https://ddevboot.ddev.site/admin/appearance,1738722835,a2aab1,200,request
6540bf,192.168.97.5,GET,https://ddevboot.ddev.site/admin/appearance,1738722835,a2aab1,200,request
be53dd,192.168.97.5,GET,https://ddevboot.ddev.site/admin/appearance,1738722835,a2aab1,200,request
f334b7,192.168.97.5,GET,https://ddevboot.ddev.site/admin/appearance,1738722835,a2aab1,200,request
5a7ffc,192.168.97.5,GET,https://ddevboot.ddev.site/admin/appearance,1738722835,a2aab1,200,request
10da5d,192.168.97.5,GET,https://ddevboot.ddev.site/admin/appearance,1738722835,a2aab1,200,request
798322,192.168.97.5,GET,https://ddevboot.ddev.site/admin/appearance,1738722835,a2aab1,200,request
5bfe00,192.168.97.5,GET,https://ddevboot.ddev.site/admin/appearance,1738722835,a2aab1,200,request
64a8ee,192.168.97.5,GET,https://ddevboot.ddev.site/admin/appearance,1738722835,a2aab1,200,request
9e9968,192.168.97.5,GET,https://ddevboot.ddev.site/admin/appearance,1738722835,a2aab1,200,request
235215,192.168.97.5,GET,https://ddevboot.ddev.site/admin/appearance,1738722835,a2aab1,200,request
39d50c,192.168.97.5,GET,https://ddevboot.ddev.site/admin/appearance,1738722835,a2aab1,200,request
d8e9cb,192.168.97.5,GET,https://ddevboot.ddev.site/core/themes/stable/images/core/icons/787878/paintbrush.svg,1738722835,d8e9cb,200,request
07d519,192.168.97.5,GET,https://ddevboot.ddev.site/core/themes/stable/images/core/icons/787878/paintbrush.svg,1738722835,07d519,404,request
9ab47d,192.168.97.5,GET,https://ddevboot.ddev.site/core/themes/stable/images/core/icons/787878/paintbrush.svg,1738722835,07d519,200,request
64dab2,192.168.97.5,GET,https://ddevboot.ddev.site/core/themes/stable/images/core/icons/787878/paintbrush.svg,1738722835,07d519,200,request
516f6a,192.168.97.5,GET,https://ddevboot.ddev.site/core/themes/stable/images/core/icons/787878/paintbrush.svg,1738722835,07d519,200,request
22696b,192.168.97.5,GET,https://ddevboot.ddev.site/core/themes/stable/images/core/icons/787878/paintbrush.svg,1738722835,07d519,200,request
b301be,192.168.97.5,GET,https://ddevboot.ddev.site/core/themes/stable/images/core/icons/787878/paintbrush.svg,1738722835,07d519,200,request
63355a,192.168.97.5,GET,https://ddevboot.ddev.site/core/themes/stable/images/core/icons/787878/paintbrush.svg,1738722835,07d519,200,request
b2e6f5,192.168.97.5,GET,https://ddevboot.ddev.site/core/themes/stable/images/core/icons/787878/paintbrush.svg,1738722835,07d519,200,request
844ebf,192.168.97.5,GET,https://ddevboot.ddev.site/core/themes/stable/images/core/icons/787878/paintbrush.svg,1738722835,07d519,200,request
ebd844,192.168.97.5,POST,https://ddevboot.ddev.site/admin/appearance,1738722847,ebd844,303,request
83b1c7,192.168.97.5,GET,https://ddevboot.ddev.site/admin/appearance,1738722847,83b1c7,200,request
e84ab8,192.168.97.5,GET,https://ddevboot.ddev.site/admin/appearance,1738722847,83b1c7,200,request
2c564c,192.168.97.5,GET,https://ddevboot.ddev.site/admin/appearance,1738722847,83b1c7,200,request
4a32cf,192.168.97.5,GET,https://ddevboot.ddev.site/admin/appearance,1738722847,83b1c7,200,request
cf7704,192.168.97.5,GET,https://ddevboot.ddev.site/admin/appearance,1738722847,83b1c7,200,request
b589f5,192.168.97.5,GET,https://ddevboot.ddev.site/admin/appearance,1738722847,83b1c7,200,request
eaa60d,192.168.97.5,GET,https://ddevboot.ddev.site/admin/appearance,1738722847,83b1c7,200,request
502e91,192.168.97.5,GET,https://ddevboot.ddev.site/admin/appearance,1738722847,83b1c7,200,request
ef6ca8,192.168.97.5,GET,https://ddevboot.ddev.site/admin/appearance,1738722847,83b1c7,200,request
d7fdbf,192.168.97.5,GET,https://ddevboot.ddev.site/admin/appearance,1738722847,83b1c7,200,request
61471a,192.168.97.5,GET,https://ddevboot.ddev.site/admin/appearance,1738722847,83b1c7,200,request
c06ca6,192.168.97.5,GET,https://ddevboot.ddev.site/admin/appearance,1738722847,83b1c7,200,request
52905d,192.168.97.5,GET,https://ddevboot.ddev.site/admin/appearance,1738722847,83b1c7,200,request
ba6571,192.168.97.5,GET,https://ddevboot.ddev.site/admin/appearance,1738722847,83b1c7,200,request
8d39ca,192.168.97.5,GET,https://ddevboot.ddev.site/admin/appearance/uninstall?theme=adminimal_theme&token=ofv2CHIj2ZP0W9uKh4j3xXmTpnGjQKT0WnyH2VuCg9w,1738722855,8d39ca,302,request
2f82e0,192.168.97.5,GET,https://ddevboot.ddev.site/admin/appearance,1738722856,2f82e0,200,request
64ad3d,192.168.97.5,GET,https://ddevboot.ddev.site/admin/appearance,1738722856,2f82e0,200,request
2aa18b,192.168.97.5,GET,https://ddevboot.ddev.site/admin/appearance,1738722856,2f82e0,200,request
a90e4e,192.168.97.5,GET,https://ddevboot.ddev.site/admin/appearance,1738722856,2f82e0,200,request
4dc6b4,192.168.97.5,GET,https://ddevboot.ddev.site/admin/appearance,1738722856,2f82e0,200,request
87af68,192.168.97.5,GET,https://ddevboot.ddev.site/admin/appearance,1738722856,2f82e0,200,request
685b92,192.168.97.5,GET,https://ddevboot.ddev.site/admin/appearance,1738722856,2f82e0,200,request
59c311,192.168.97.5,GET,https://ddevboot.ddev.site/admin/appearance,1738722856,2f82e0,200,request
f9a78a,192.168.97.5,GET,https://ddevboot.ddev.site/admin/appearance,1738722856,2f82e0,200,request
f036f7,192.168.97.5,GET,https://ddevboot.ddev.site/admin/appearance,1738722856,2f82e0,200,request
8c3cd1,192.168.97.5,GET,https://ddevboot.ddev.site/admin/appearance,1738722856,2f82e0,200,request
8be54a,192.168.97.5,GET,https://ddevboot.ddev.site/admin/appearance,1738722856,2f82e0,200,request
835884,192.168.97.5,GET,https://ddevboot.ddev.site/admin/appearance,1738722856,2f82e0,200,request
7e864b,192.168.97.5,GET,https://ddevboot.ddev.site/admin/appearance,1738722856,2f82e0,200,request
a72c62,192.168.97.5,GET,https://ddevboot.ddev.site/,1738723250,a72c62,200,request
65a053,192.168.97.5,GET,https://ddevboot.ddev.site/unav/load/gtm.html,1738723251,65a053,200,request
b6d178,192.168.97.5,GET,https://ddevboot.ddev.site/unav/load/header.html,1738723251,b6d178,200,request
dd00da,192.168.97.5,GET,https://ddevboot.ddev.site/unav/load/footer.html,1738723251,dd00da,200,request
518766,192.168.97.5,GET,https://ddevboot.ddev.site/unav/load/gtm.html,1738723251,518766,404,request
22afe8,192.168.97.5,GET,https://ddevboot.ddev.site/unav/load/header.html,1738723251,22afe8,404,request
03bff2,192.168.97.5,GET,https://ddevboot.ddev.site/unav/load/footer.html,1738723251,03bff2,404,request
c975cd,192.168.97.5,GET,https://ddevboot.ddev.site/admin,1738723282,c975cd,200,request
0f4d5b,192.168.97.5,GET,https://ddevboot.ddev.site/admin,1738723282,0f4d5b,403,request
5a5a00,192.168.97.5,GET,https://ddevboot.ddev.site/unav/load/footer.html,1738723282,5a5a00,200,request
ba20e6,192.168.97.5,GET,https://ddevboot.ddev.site/unav/load/gtm.html,1738723282,ba20e6,200,request
b42e60,192.168.97.5,GET,https://ddevboot.ddev.site/unav/load/header.html,1738723282,b42e60,200,request
478f65,192.168.97.5,GET,https://ddevboot.ddev.site/unav/load/gtm.html,1738723282,478f65,404,request
21569a,192.168.97.5,GET,https://ddevboot.ddev.site/unav/load/footer.html,1738723282,21569a,404,request
71e296,192.168.97.5,GET,https://ddevboot.ddev.site/unav/load/header.html,1738723282,71e296,404,request
834981,192.168.97.5,GET,https://ddevboot.ddev.site/user,1738723292,834981,302,request
c50147,192.168.97.5,GET,https://ddevboot.ddev.site/user/1,1738723292,c50147,200,request
de8f2e,192.168.97.5,GET,https://ddevboot.ddev.site/user/1,1738723292,c50147,200,request
96a7f9,192.168.97.5,GET,https://ddevboot.ddev.site/user/1,1738723292,c50147,200,request
22a513,192.168.97.5,GET,https://ddevboot.ddev.site/user/1,1738723292,c50147,200,request
40905d,192.168.97.5,GET,https://ddevboot.ddev.site/user/1,1738723292,c50147,200,request
c787a1,192.168.97.5,GET,https://ddevboot.ddev.site/user/1,1738723292,c50147,200,request
7e2460,192.168.97.5,GET,https://ddevboot.ddev.site/user/1,1738723292,c50147,200,request
47c107,192.168.97.5,GET,https://ddevboot.ddev.site/user/1,1738723292,c50147,200,request
eada9b,192.168.97.5,GET,https://ddevboot.ddev.site/user/1,1738723292,c50147,200,request
36d80a,192.168.97.5,GET,https://ddevboot.ddev.site/user/1,1738723292,c50147,200,request
4695ba,192.168.97.5,GET,https://ddevboot.ddev.site/unav/load/gtm.html,1738723293,4695ba,200,request
ae95f5,192.168.97.5,GET,https://ddevboot.ddev.site/unav/load/gtm.html,1738723293,ae95f5,404,request
af78f5,192.168.97.5,GET,https://ddevboot.ddev.site/unav/load/gtm.html,1738723293,ae95f5,200,request
fd8cbf,192.168.97.5,GET,https://ddevboot.ddev.site/unav/load/gtm.html,1738723293,ae95f5,200,request
7068ab,192.168.97.5,GET,https://ddevboot.ddev.site/unav/load/gtm.html,1738723293,ae95f5,200,request
2e1db2,192.168.97.5,GET,https://ddevboot.ddev.site/unav/load/gtm.html,1738723293,ae95f5,200,request
18f9cf,192.168.97.5,GET,https://ddevboot.ddev.site/unav/load/header.html,1738723293,18f9cf,200,request
d4b750,192.168.97.5,GET,https://ddevboot.ddev.site/unav/load/footer.html,1738723293,d4b750,200,request
852f5e,192.168.97.5,GET,https://ddevboot.ddev.site/unav/load/gtm.html,1738723293,ae95f5,200,request
dc3b95,192.168.97.5,GET,https://ddevboot.ddev.site/unav/load/header.html,1738723293,dc3b95,404,request
d98203,192.168.97.5,GET,https://ddevboot.ddev.site/unav/load/footer.html,1738723293,d98203,404,request
7fafc7,192.168.97.5,GET,https://ddevboot.ddev.site/unav/load/header.html,1738723293,dc3b95,200,request
1d604f,192.168.97.5,GET,https://ddevboot.ddev.site/unav/load/gtm.html,1738723293,ae95f5,200,request
24520d,192.168.97.5,GET,https://ddevboot.ddev.site/unav/load/footer.html,1738723293,d98203,200,request
f98d26,192.168.97.5,GET,https://ddevboot.ddev.site/unav/load/header.html,1738723293,dc3b95,200,request
b40931,192.168.97.5,GET,https://ddevboot.ddev.site/unav/load/footer.html,1738723293,d98203,200,request
24a25c,192.168.97.5,GET,https://ddevboot.ddev.site/unav/load/gtm.html,1738723293,ae95f5,200,request
ac60b0,192.168.97.5,GET,https://ddevboot.ddev.site/unav/load/header.html,1738723293,dc3b95,200,request
f7ebee,192.168.97.5,GET,https://ddevboot.ddev.site/unav/load/footer.html,1738723293,d98203,200,request
25834e,192.168.97.5,GET,https://ddevboot.ddev.site/unav/load/gtm.html,1738723293,ae95f5,200,request
280b0e,192.168.97.5,GET,https://ddevboot.ddev.site/unav/load/header.html,1738723293,dc3b95,200,request
13071d,192.168.97.5,GET,https://ddevboot.ddev.site/unav/load/footer.html,1738723293,d98203,200,request
708902,192.168.97.5,GET,https://ddevboot.ddev.site/unav/load/header.html,1738723293,dc3b95,200,request
077a17,192.168.97.5,GET,https://ddevboot.ddev.site/unav/load/footer.html,1738723293,d98203,200,request
7234bd,192.168.97.5,GET,https://ddevboot.ddev.site/unav/load/header.html,1738723293,dc3b95,200,request
f9c318,192.168.97.5,GET,https://ddevboot.ddev.site/unav/load/footer.html,1738723293,d98203,200,request
539544,192.168.97.5,GET,https://ddevboot.ddev.site/unav/load/header.html,1738723293,dc3b95,200,request
d745fd,192.168.97.5,GET,https://ddevboot.ddev.site/unav/load/footer.html,1738723293,d98203,200,request
e744dd,192.168.97.5,GET,https://ddevboot.ddev.site/unav/load/header.html,1738723293,dc3b95,200,request
846b21,192.168.97.5,GET,https://ddevboot.ddev.site/unav/load/footer.html,1738723293,d98203,200,request
7eda99,192.168.97.5,GET,https://ddevboot.ddev.site/user/1/edit,1738723295,7eda99,200,request
fba7fb,192.168.97.5,GET,https://ddevboot.ddev.site/user/1/edit,1738723295,7eda99,200,request
77b672,192.168.97.5,GET,https://ddevboot.ddev.site/user/1/edit,1738723295,7eda99,200,request
012f28,192.168.97.5,GET,https://ddevboot.ddev.site/user/1/edit,1738723295,7eda99,200,request
0d8f25,192.168.97.5,GET,https://ddevboot.ddev.site/user/1/edit,1738723295,7eda99,200,request
e88d14,192.168.97.5,GET,https://ddevboot.ddev.site/user/1/edit,1738723295,7eda99,200,request
782ff7,192.168.97.5,GET,https://ddevboot.ddev.site/user/1/edit,1738723295,7eda99,200,request
8a7c26,192.168.97.5,GET,https://ddevboot.ddev.site/user/1/edit,1738723295,7eda99,200,request
282662,192.168.97.5,GET,https://ddevboot.ddev.site/user/1/edit,1738723295,7eda99,200,request
1b3694,192.168.97.5,GET,https://ddevboot.ddev.site/user/1/edit,1738723295,7eda99,200,request
385f29,192.168.97.5,GET,https://ddevboot.ddev.site/user/1/edit,1738723295,7eda99,200,request
6180ae,192.168.97.5,GET,https://ddevboot.ddev.site/user/1/edit,1738723295,7eda99,200,request
064178,192.168.97.5,GET,https://ddevboot.ddev.site/user/1/edit,1738723295,7eda99,200,request
48c96a,192.168.97.5,GET,https://ddevboot.ddev.site/,1738723393,48c96a,200,request
5815bb,192.168.97.5,GET,https://ddevboot.ddev.site/,1738723393,48c96a,200,request
cf9920,192.168.97.5,GET,https://ddevboot.ddev.site/,1738723393,48c96a,200,request
e209c0,192.168.97.5,GET,https://ddevboot.ddev.site/admin/structure/menu/manage/main/add?destination=%2Fadmin%2Fstructure%2Fmenu%2Fmanage%2Fmain,1738723393,e209c0,200,request
57b924,192.168.97.5,GET,https://ddevboot.ddev.site/,1738723393,48c96a,200,request
5ab3f8,192.168.97.5,GET,https://ddevboot.ddev.site/,1738723393,48c96a,200,request
a2c948,192.168.97.5,GET,https://ddevboot.ddev.site/admin/structure/menu/manage/main/add?destination=%2Fadmin%2Fstructure%2Fmenu%2Fmanage%2Fmain,1738723393,e209c0,200,request
b05b84,192.168.97.5,GET,https://ddevboot.ddev.site/,1738723393,48c96a,200,request
956633,192.168.97.5,GET,https://ddevboot.ddev.site/user/1/edit,1738723393,956633,200,request
e5f666,192.168.97.5,GET,https://ddevboot.ddev.site/admin/structure/menu/manage/main/add?destination=%2Fadmin%2Fstructure%2Fmenu%2Fmanage%2Fmain,1738723393,e209c0,200,request
66d068,192.168.97.5,GET,https://ddevboot.ddev.site/,1738723393,48c96a,200,request
204e1f,192.168.97.5,GET,https://ddevboot.ddev.site/admin/appearance,1738723393,204e1f,200,request
bd2c19,192.168.97.5,GET,https://ddevboot.ddev.site/user/1/edit,1738723393,956633,200,request
947b44,192.168.97.5,GET,https://ddevboot.ddev.site/,1738723393,48c96a,200,request
2a53fd,192.168.97.5,GET,https://ddevboot.ddev.site/admin/structure/menu/manage/main/add?destination=%2Fadmin%2Fstructure%2Fmenu%2Fmanage%2Fmain,1738723393,e209c0,200,request
6c1d9d,192.168.97.5,GET,https://ddevboot.ddev.site/admin/appearance,1738723393,204e1f,200,request
aeb014,192.168.97.5,GET,https://ddevboot.ddev.site/,1738723393,48c96a,200,request
ec433d,192.168.97.5,GET,https://ddevboot.ddev.site/user/1/edit,1738723393,956633,200,request
3a0238,192.168.97.5,GET,https://ddevboot.ddev.site/admin/structure/menu/manage/main/add?destination=%2Fadmin%2Fstructure%2Fmenu%2Fmanage%2Fmain,1738723393,e209c0,200,request
bd5ffb,192.168.97.5,GET,https://ddevboot.ddev.site/admin/appearance,1738723393,204e1f,200,request
f52f7f,192.168.97.5,GET,https://ddevboot.ddev.site/user/1/edit,1738723393,956633,200,request
0c540a,192.168.97.5,GET,https://ddevboot.ddev.site/admin/structure/menu/manage/main/add?destination=%2Fadmin%2Fstructure%2Fmenu%2Fmanage%2Fmain,1738723393,e209c0,200,request
76ab8c,192.168.97.5,GET,https://ddevboot.ddev.site/admin/appearance,1738723393,204e1f,200,request
0cf89d,192.168.97.5,GET,https://ddevboot.ddev.site/user/1/edit,1738723393,956633,200,request
67e9d0,192.168.97.5,GET,https://ddevboot.ddev.site/admin/structure/menu/manage/main/add?destination=%2Fadmin%2Fstructure%2Fmenu%2Fmanage%2Fmain,1738723393,e209c0,200,request
d9ca8b,192.168.97.5,GET,https://ddevboot.ddev.site/admin/appearance,1738723393,204e1f,200,request
5d60d2,192.168.97.5,GET,https://ddevboot.ddev.site/user/1/edit,1738723393,956633,200,request
cdde5b,192.168.97.5,GET,https://ddevboot.ddev.site/admin/structure/menu/manage/main/add?destination=%2Fadmin%2Fstructure%2Fmenu%2Fmanage%2Fmain,1738723393,e209c0,200,request
209d91,192.168.97.5,GET,https://ddevboot.ddev.site/admin/appearance,1738723393,204e1f,200,request
916956,192.168.97.5,GET,https://ddevboot.ddev.site/user/1/edit,1738723393,956633,200,request
222239,192.168.97.5,GET,https://ddevboot.ddev.site/admin/structure/menu/manage/main/add?destination=%2Fadmin%2Fstructure%2Fmenu%2Fmanage%2Fmain,1738723393,e209c0,200,request
ee9460,192.168.97.5,GET,https://ddevboot.ddev.site/admin/appearance,1738723393,204e1f,200,request
0a0ebd,192.168.97.5,GET,https://ddevboot.ddev.site/user/1/edit,1738723393,956633,200,request
8b0d79,192.168.97.5,GET,https://ddevboot.ddev.site/admin/appearance,1738723393,204e1f,200,request
468ef2,192.168.97.5,GET,https://ddevboot.ddev.site/admin/structure/menu/manage/main/add?destination=%2Fadmin%2Fstructure%2Fmenu%2Fmanage%2Fmain,1738723393,e209c0,200,request
3195f4,192.168.97.5,GET,https://ddevboot.ddev.site/user/1/edit,1738723393,956633,200,request
abe766,192.168.97.5,GET,https://ddevboot.ddev.site/admin/appearance,1738723393,204e1f,200,request
8f3e20,192.168.97.5,GET,https://ddevboot.ddev.site/admin/structure/menu/manage/main/add?destination=%2Fadmin%2Fstructure%2Fmenu%2Fmanage%2Fmain,1738723393,e209c0,200,request
642edd,192.168.97.5,GET,https://ddevboot.ddev.site/user/1/edit,1738723393,956633,200,request
5e0f80,192.168.97.5,GET,https://ddevboot.ddev.site/admin/appearance,1738723393,204e1f,200,request
819ac7,192.168.97.5,GET,https://ddevboot.ddev.site/user/1/edit,1738723393,956633,200,request
0905eb,192.168.97.5,GET,https://ddevboot.ddev.site/admin/appearance,1738723393,204e1f,200,request
384ff6,192.168.97.5,GET,https://ddevboot.ddev.site/user/1/edit,1738723393,956633,200,request
2e070a,192.168.97.5,GET,https://ddevboot.ddev.site/admin/appearance,1738723393,204e1f,200,request
cfa5e4,192.168.97.5,GET,https://ddevboot.ddev.site/user/1/edit,1738723393,956633,200,request
43eb59,192.168.97.5,GET,https://ddevboot.ddev.site/admin/appearance,1738723393,204e1f,200,request
b28a95,192.168.97.5,GET,https://ddevboot.ddev.site/admin/appearance,1738723393,204e1f,200,request
9b4899,192.168.97.5,GET,https://ddevboot.ddev.site/unav/load/gtm.html,1738723393,9b4899,200,request
1379b9,192.168.97.5,GET,https://ddevboot.ddev.site/unav/load/header.html,1738723393,1379b9,200,request
0ebb55,192.168.97.5,GET,https://ddevboot.ddev.site/unav/load/gtm.html,1738723393,0ebb55,404,request
58eb91,192.168.97.5,GET,https://ddevboot.ddev.site/unav/load/header.html,1738723393,58eb91,404,request
8a7203,192.168.97.5,GET,https://ddevboot.ddev.site/unav/load/gtm.html,1738723393,0ebb55,200,request
239fcf,192.168.97.5,GET,https://ddevboot.ddev.site/unav/load/header.html,1738723393,58eb91,200,request
041bb1,192.168.97.5,GET,https://ddevboot.ddev.site/unav/load/gtm.html,1738723393,0ebb55,200,request
daef28,192.168.97.5,GET,https://ddevboot.ddev.site/unav/load/header.html,1738723393,58eb91,200,request
5c8ba4,192.168.97.5,GET,https://ddevboot.ddev.site/unav/load/gtm.html,1738723393,0ebb55,200,request
d9a34d,192.168.97.5,GET,https://ddevboot.ddev.site/unav/load/header.html,1738723393,58eb91,200,request
9e8c6a,192.168.97.5,GET,https://ddevboot.ddev.site/unav/load/gtm.html,1738723393,0ebb55,200,request
9876b5,192.168.97.5,GET,https://ddevboot.ddev.site/unav/load/header.html,1738723393,58eb91,200,request
16d5e0,192.168.97.5,GET,https://ddevboot.ddev.site/unav/load/gtm.html,1738723393,0ebb55,200,request
ca7784,192.168.97.5,GET,https://ddevboot.ddev.site/unav/load/header.html,1738723393,58eb91,200,request
09d927,192.168.97.5,GET,https://ddevboot.ddev.site/unav/load/header.html,1738723393,58eb91,200,request
05922f,192.168.97.5,GET,https://ddevboot.ddev.site/unav/load/gtm.html,1738723393,0ebb55,200,request
692c27,192.168.97.5,GET,https://ddevboot.ddev.site/unav/load/header.html,1738723393,58eb91,200,request
9c3c9c,192.168.97.5,GET,https://ddevboot.ddev.site/unav/load/gtm.html,1738723393,0ebb55,200,request
489f39,192.168.97.5,GET,https://ddevboot.ddev.site/unav/load/header.html,1738723393,58eb91,200,request
4d50fa,192.168.97.5,GET,https://ddevboot.ddev.site/unav/load/gtm.html,1738723393,0ebb55,200,request
403d21,192.168.97.5,GET,https://ddevboot.ddev.site/unav/load/footer.html,1738723393,403d21,200,request
e7171b,192.168.97.5,GET,https://ddevboot.ddev.site/unav/load/footer.html,1738723393,e7171b,404,request
44a2fe,192.168.97.5,GET,https://ddevboot.ddev.site/unav/load/footer.html,1738723393,e7171b,200,request
12f887,192.168.97.5,GET,https://ddevboot.ddev.site/unav/load/footer.html,1738723393,e7171b,200,request
229e5c,192.168.97.5,GET,https://ddevboot.ddev.site/unav/load/footer.html,1738723393,e7171b,200,request
4f6f4d,192.168.97.5,GET,https://ddevboot.ddev.site/unav/load/footer.html,1738723393,e7171b,200,request
4ca164,192.168.97.5,GET,https://ddevboot.ddev.site/unav/load/footer.html,1738723393,e7171b,200,request
29613e,192.168.97.5,GET,https://ddevboot.ddev.site/unav/load/footer.html,1738723393,e7171b,200,request
a75acf,192.168.97.5,GET,https://ddevboot.ddev.site/unav/load/footer.html,1738723393,e7171b,200,request
3140a8,192.168.97.5,GET,https://ddevboot.ddev.site/unav/load/footer.html,1738723393,e7171b,200,request
126796,192.168.97.5,GET,https://ddevboot.ddev.site/user/login,1738723427,126796,200,request
11c837,192.168.97.5,GET,https://ddevboot.ddev.site/unav/load/header.html,1738723427,11c837,200,request
fe7a88,192.168.97.5,GET,https://ddevboot.ddev.site/unav/load/footer.html,1738723427,fe7a88,200,request
a6bae1,192.168.97.5,GET,https://ddevboot.ddev.site/unav/load/gtm.html,1738723427,a6bae1,200,request
11dbb7,192.168.97.5,GET,https://ddevboot.ddev.site/unav/load/header.html,1738723427,11dbb7,404,request
e36bc3,192.168.97.5,GET,https://ddevboot.ddev.site/unav/load/gtm.html,1738723427,e36bc3,404,request
588236,192.168.97.5,GET,https://ddevboot.ddev.site/unav/load/footer.html,1738723427,588236,404,request
2df6d0,192.168.97.5,POST,https://ddevboot.ddev.site/user/login,1738723434,2df6d0,303,request
e30b3e,192.168.97.5,GET,https://ddevboot.ddev.site/user/1?check_logged_in=1,1738723435,e30b3e,200,request
177d70,192.168.97.5,GET,https://ddevboot.ddev.site/user/1?check_logged_in=1,1738723435,e30b3e,200,request
f41b3a,192.168.97.5,GET,https://ddevboot.ddev.site/user/1?check_logged_in=1,1738723435,e30b3e,200,request
fbe592,192.168.97.5,GET,https://ddevboot.ddev.site/user/1?check_logged_in=1,1738723435,e30b3e,200,request
541e21,192.168.97.5,GET,https://ddevboot.ddev.site/user/1?check_logged_in=1,1738723435,e30b3e,200,request
af12a9,192.168.97.5,GET,https://ddevboot.ddev.site/user/1?check_logged_in=1,1738723435,e30b3e,200,request
2eb34e,192.168.97.5,GET,https://ddevboot.ddev.site/user/1?check_logged_in=1,1738723435,e30b3e,200,request
77539a,192.168.97.5,GET,https://ddevboot.ddev.site/user/1?check_logged_in=1,1738723435,e30b3e,200,request
24a1ed,192.168.97.5,GET,https://ddevboot.ddev.site/user/1?check_logged_in=1,1738723435,e30b3e,200,request
f863e7,192.168.97.5,GET,https://ddevboot.ddev.site/user/1?check_logged_in=1,1738723435,e30b3e,200,request
9e728f,192.168.97.5,GET,https://ddevboot.ddev.site/unav/load/gtm.html,1738723435,9e728f,200,request
12654b,192.168.97.5,GET,https://ddevboot.ddev.site/unav/load/footer.html,1738723435,12654b,200,request
dbe575,192.168.97.5,GET,https://ddevboot.ddev.site/unav/load/header.html,1738723435,dbe575,200,request
5c6205,192.168.97.5,GET,https://ddevboot.ddev.site/unav/load/gtm.html,1738723435,5c6205,404,request
bcea02,192.168.97.5,GET,https://ddevboot.ddev.site/unav/load/footer.html,1738723435,bcea02,404,request
dac958,192.168.97.5,GET,https://ddevboot.ddev.site/unav/load/header.html,1738723435,dac958,404,request
718eb2,192.168.97.5,GET,https://ddevboot.ddev.site/unav/load/gtm.html,1738723435,5c6205,200,request
429ab1,192.168.97.5,GET,https://ddevboot.ddev.site/unav/load/footer.html,1738723435,bcea02,200,request
2b5194,192.168.97.5,GET,https://ddevboot.ddev.site/unav/load/header.html,1738723435,dac958,200,request
138815,192.168.97.5,GET,https://ddevboot.ddev.site/unav/load/gtm.html,1738723435,5c6205,200,request
767d9f,192.168.97.5,GET,https://ddevboot.ddev.site/unav/load/footer.html,1738723435,bcea02,200,request
d39801,192.168.97.5,GET,https://ddevboot.ddev.site/unav/load/header.html,1738723435,dac958,200,request
78071c,192.168.97.5,GET,https://ddevboot.ddev.site/unav/load/gtm.html,1738723435,5c6205,200,request
a84b8c,192.168.97.5,GET,https://ddevboot.ddev.site/unav/load/footer.html,1738723435,bcea02,200,request
f319a3,192.168.97.5,GET,https://ddevboot.ddev.site/unav/load/header.html,1738723435,dac958,200,request
a4c6c8,192.168.97.5,GET,https://ddevboot.ddev.site/unav/load/gtm.html,1738723435,5c6205,200,request
d547bd,192.168.97.5,GET,https://ddevboot.ddev.site/unav/load/footer.html,1738723435,bcea02,200,request
490c9c,192.168.97.5,GET,https://ddevboot.ddev.site/unav/load/header.html,1738723435,dac958,200,request
c78e27,192.168.97.5,GET,https://ddevboot.ddev.site/unav/load/gtm.html,1738723435,5c6205,200,request
9e0835,192.168.97.5,GET,https://ddevboot.ddev.site/unav/load/footer.html,1738723435,bcea02,200,request
27665f,192.168.97.5,GET,https://ddevboot.ddev.site/unav/load/header.html,1738723435,dac958,200,request
01f720,192.168.97.5,GET,https://ddevboot.ddev.site/unav/load/gtm.html,1738723435,5c6205,200,request
709a88,192.168.97.5,GET,https://ddevboot.ddev.site/unav/load/footer.html,1738723435,bcea02,200,request
a79d63,192.168.97.5,GET,https://ddevboot.ddev.site/unav/load/header.html,1738723435,dac958,200,request
677be4,192.168.97.5,GET,https://ddevboot.ddev.site/unav/load/gtm.html,1738723435,5c6205,200,request
a8f8ae,192.168.97.5,GET,https://ddevboot.ddev.site/unav/load/header.html,1738723435,dac958,200,request
dab9fd,192.168.97.5,GET,https://ddevboot.ddev.site/unav/load/footer.html,1738723435,bcea02,200,request
8cbc30,192.168.97.5,GET,https://ddevboot.ddev.site/unav/load/gtm.html,1738723435,5c6205,200,request
deb207,192.168.97.5,GET,https://ddevboot.ddev.site/unav/load/header.html,1738723435,dac958,200,request
892034,192.168.97.5,GET,https://ddevboot.ddev.site/unav/load/footer.html,1738723435,bcea02,200,request
53f739,192.168.97.5,GET,https://ddevboot.ddev.site/devel/routes?destination=%2Fuser%2F1,1738723456,53f739,200,request
f40b02,192.168.97.5,GET,https://ddevboot.ddev.site/devel/routes?destination=%2Fuser%2F1,1738723456,53f739,200,request
0721ae,192.168.97.5,GET,https://ddevboot.ddev.site/devel/routes?destination=%2Fuser%2F1,1738723456,53f739,200,request
07cc13,192.168.97.5,GET,https://ddevboot.ddev.site/devel/routes?destination=%2Fuser%2F1,1738723456,53f739,200,request
dc8082,192.168.97.5,GET,https://ddevboot.ddev.site/devel/routes?destination=%2Fuser%2F1,1738723456,53f739,200,request
e15938,192.168.97.5,GET,https://ddevboot.ddev.site/devel/routes?destination=%2Fuser%2F1,1738723456,53f739,200,request
21028c,192.168.97.5,GET,https://ddevboot.ddev.site/devel/routes?destination=%2Fuser%2F1,1738723456,53f739,200,request
d17f18,192.168.97.5,GET,https://ddevboot.ddev.site/devel/routes?destination=%2Fuser%2F1,1738723456,53f739,200,request
f71293,192.168.97.5,GET,https://ddevboot.ddev.site/devel/routes?destination=%2Fuser%2F1,1738723456,53f739,200,request
c8f07a,192.168.97.5,GET,https://ddevboot.ddev.site/admin/content,1738723467,c8f07a,200,request
56c1f7,192.168.97.5,GET,https://ddevboot.ddev.site/admin/content,1738723467,c8f07a,200,request
40aae0,192.168.97.5,GET,https://ddevboot.ddev.site/admin/content,1738723467,c8f07a,200,request
6b9993,192.168.97.5,GET,https://ddevboot.ddev.site/admin/content,1738723467,c8f07a,200,request
45682b,192.168.97.5,GET,https://ddevboot.ddev.site/admin/content,1738723467,c8f07a,200,request
f7ce3a,192.168.97.5,GET,https://ddevboot.ddev.site/admin/content,1738723467,c8f07a,200,request
d61e04,192.168.97.5,GET,https://ddevboot.ddev.site/admin/content,1738723467,c8f07a,200,request
920d27,192.168.97.5,GET,https://ddevboot.ddev.site/admin/content,1738723467,c8f07a,200,request
724eb6,192.168.97.5,GET,https://ddevboot.ddev.site/admin/content,1738723467,c8f07a,200,request
14302a,192.168.97.5,GET,https://ddevboot.ddev.site/admin/content,1738723467,c8f07a,200,request
3c14af,192.168.97.5,GET,https://ddevboot.ddev.site/admin/modules,1738723487,3c14af,200,request
39fa10,192.168.97.5,GET,https://ddevboot.ddev.site/admin/modules,1738723543,39fa10,200,request
929882,192.168.97.5,GET,https://ddevboot.ddev.site/admin/people/permissions/module/ctools%2Cctools_block%2Cctools_entity_mask%2Cctools_views%2Centity_reference_revisions%2Cparagraphs_type_permissions%2Cparagraphs%2Cpathauto%2Ctoken,1738723548,929882,200,request
85e547,192.168.97.5,GET,https://ddevboot.ddev.site/admin/people/permissions/module/ctools%2Cctools_block%2Cctools_entity_mask%2Cctools_views%2Centity_reference_revisions%2Cparagraphs_type_permissions%2Cparagraphs%2Cpathauto%2Ctoken,1738723548,929882,200,request
40fe45,192.168.97.5,GET,https://ddevboot.ddev.site/admin/people/permissions/module/ctools%2Cctools_block%2Cctools_entity_mask%2Cctools_views%2Centity_reference_revisions%2Cparagraphs_type_permissions%2Cparagraphs%2Cpathauto%2Ctoken,1738723548,929882,200,request
cc4e18,192.168.97.5,GET,https://ddevboot.ddev.site/admin/people/permissions/module/ctools%2Cctools_block%2Cctools_entity_mask%2Cctools_views%2Centity_reference_revisions%2Cparagraphs_type_permissions%2Cparagraphs%2Cpathauto%2Ctoken,1738723548,929882,200,request
1146f0,192.168.97.5,GET,https://ddevboot.ddev.site/admin/people/permissions/module/ctools%2Cctools_block%2Cctools_entity_mask%2Cctools_views%2Centity_reference_revisions%2Cparagraphs_type_permissions%2Cparagraphs%2Cpathauto%2Ctoken,1738723548,929882,200,request
eccc61,192.168.97.5,GET,https://ddevboot.ddev.site/admin/people/permissions/module/ctools%2Cctools_block%2Cctools_entity_mask%2Cctools_views%2Centity_reference_revisions%2Cparagraphs_type_permissions%2Cparagraphs%2Cpathauto%2Ctoken,1738723548,929882,200,request
6e6abd,192.168.97.5,GET,https://ddevboot.ddev.site/admin/people/permissions/module/ctools%2Cctools_block%2Cctools_entity_mask%2Cctools_views%2Centity_reference_revisions%2Cparagraphs_type_permissions%2Cparagraphs%2Cpathauto%2Ctoken,1738723548,929882,200,request
c26c1a,192.168.97.5,GET,https://ddevboot.ddev.site/admin/people/permissions/module/ctools%2Cctools_block%2Cctools_entity_mask%2Cctools_views%2Centity_reference_revisions%2Cparagraphs_type_permissions%2Cparagraphs%2Cpathauto%2Ctoken,1738723548,929882,200,request
0b6a1d,192.168.97.5,GET,https://ddevboot.ddev.site/admin/people/permissions/module/ctools%2Cctools_block%2Cctools_entity_mask%2Cctools_views%2Centity_reference_revisions%2Cparagraphs_type_permissions%2Cparagraphs%2Cpathauto%2Ctoken,1738723548,929882,200,request
4e9efe,192.168.97.5,GET,https://ddevboot.ddev.site/admin/people/permissions/module/ctools%2Cctools_block%2Cctools_entity_mask%2Cctools_views%2Centity_reference_revisions%2Cparagraphs_type_permissions%2Cparagraphs%2Cpathauto%2Ctoken,1738723548,929882,200,request
6bdffd,192.168.97.5,GET,https://ddevboot.ddev.site/admin/people/permissions/module/ctools%2Cctools_block%2Cctools_entity_mask%2Cctools_views%2Centity_reference_revisions%2Cparagraphs_type_permissions%2Cparagraphs%2Cpathauto%2Ctoken,1738723548,929882,200,request
d2579b,192.168.97.5,GET,https://ddevboot.ddev.site/admin/config,1738723553,d2579b,200,request
47ec95,192.168.97.5,GET,https://ddevboot.ddev.site/admin/config,1738723553,d2579b,200,request
fa547b,192.168.97.5,GET,https://ddevboot.ddev.site/admin/config,1738723553,d2579b,200,request
e7507c,192.168.97.5,GET,https://ddevboot.ddev.site/admin/config,1738723553,d2579b,200,request
128066,192.168.97.5,GET,https://ddevboot.ddev.site/admin/config,1738723553,d2579b,200,request
061913,192.168.97.5,GET,https://ddevboot.ddev.site/admin/config,1738723553,d2579b,200,request
b9537f,192.168.97.5,GET,https://ddevboot.ddev.site/admin/config,1738723553,d2579b,200,request
74793a,192.168.97.5,GET,https://ddevboot.ddev.site/admin/config,1738723553,d2579b,200,request
907776,192.168.97.5,GET,https://ddevboot.ddev.site/admin/config,1738723553,d2579b,200,request
877a99,192.168.97.5,GET,https://ddevboot.ddev.site/admin/appearance,1738723558,877a99,200,request
dd9e12,192.168.97.5,GET,https://ddevboot.ddev.site/admin/appearance,1738723558,877a99,200,request
184e43,192.168.97.5,GET,https://ddevboot.ddev.site/admin/appearance,1738723558,877a99,200,request
fc4768,192.168.97.5,GET,https://ddevboot.ddev.site/admin/appearance,1738723558,877a99,200,request
d5f36d,192.168.97.5,GET,https://ddevboot.ddev.site/admin/appearance,1738723558,877a99,200,request
0ed66e,192.168.97.5,GET,https://ddevboot.ddev.site/admin/appearance,1738723558,877a99,200,request
06a623,192.168.97.5,GET,https://ddevboot.ddev.site/admin/appearance,1738723558,877a99,200,request
8c0ecf,192.168.97.5,GET,https://ddevboot.ddev.site/admin/appearance,1738723558,877a99,200,request
b817d2,192.168.97.5,GET,https://ddevboot.ddev.site/admin/appearance,1738723558,877a99,200,request
a0e430,192.168.97.5,GET,https://ddevboot.ddev.site/admin/appearance,1738723558,877a99,200,request
f022d7,192.168.97.5,GET,https://ddevboot.ddev.site/admin/appearance,1738723558,877a99,200,request
12aeb1,192.168.97.5,GET,https://ddevboot.ddev.site/admin/appearance,1738723558,877a99,200,request
909bef,192.168.97.5,GET,https://ddevboot.ddev.site/admin/appearance,1738723558,877a99,200,request
ee5f10,192.168.97.5,GET,https://ddevboot.ddev.site/admin/appearance,1738723558,877a99,200,request
c03551,192.168.97.5,GET,https://ddevboot.ddev.site/admin/appearance/uninstall?theme=seven&token=5RV9YLyqqlIGF324PZzHmYHYDL48oR39YAi49IhmMNs,1738723573,c03551,302,request
6cf1c7,192.168.97.5,GET,https://ddevboot.ddev.site/admin/appearance,1738723573,6cf1c7,200,request
d23839,192.168.97.5,GET,https://ddevboot.ddev.site/admin/appearance,1738723573,6cf1c7,200,request
79f207,192.168.97.5,GET,https://ddevboot.ddev.site/admin/appearance,1738723573,6cf1c7,200,request
6618fc,192.168.97.5,GET,https://ddevboot.ddev.site/admin/appearance,1738723573,6cf1c7,200,request
a252b3,192.168.97.5,GET,https://ddevboot.ddev.site/admin/appearance,1738723573,6cf1c7,200,request
177c79,192.168.97.5,GET,https://ddevboot.ddev.site/admin/appearance,1738723573,6cf1c7,200,request
866102,192.168.97.5,GET,https://ddevboot.ddev.site/admin/appearance,1738723573,6cf1c7,200,request
53174e,192.168.97.5,GET,https://ddevboot.ddev.site/admin/appearance,1738723573,6cf1c7,200,request
00ea0a,192.168.97.5,GET,https://ddevboot.ddev.site/admin/appearance,1738723573,6cf1c7,200,request
03ecca,192.168.97.5,GET,https://ddevboot.ddev.site/admin/appearance,1738723573,6cf1c7,200,request
15c1a2,192.168.97.5,GET,https://ddevboot.ddev.site/admin/appearance,1738723573,6cf1c7,200,request
4d6ea1,192.168.97.5,GET,https://ddevboot.ddev.site/admin/appearance,1738723573,6cf1c7,200,request
27cd26,192.168.97.5,GET,https://ddevboot.ddev.site/admin/appearance,1738723573,6cf1c7,200,request
f44299,192.168.97.5,GET,https://ddevboot.ddev.site/admin/appearance,1738723573,6cf1c7,200,request
a2c2b7,192.168.97.5,GET,https://ddevboot.ddev.site/user/1?check_logged_in=1,1738723582,a2c2b7,200,request
0d4fd7,192.168.97.5,GET,https://ddevboot.ddev.site/user/1?check_logged_in=1,1738723582,a2c2b7,200,request
2ed7f2,192.168.97.5,GET,https://ddevboot.ddev.site/user/1?check_logged_in=1,1738723582,a2c2b7,200,request
7abec3,192.168.97.5,GET,https://ddevboot.ddev.site/user/1?check_logged_in=1,1738723582,a2c2b7,200,request
f3e5a6,192.168.97.5,GET,https://ddevboot.ddev.site/user/1?check_logged_in=1,1738723582,a2c2b7,200,request
b9919c,192.168.97.5,GET,https://ddevboot.ddev.site/user/1?check_logged_in=1,1738723582,a2c2b7,200,request
d59792,192.168.97.5,GET,https://ddevboot.ddev.site/user/1?check_logged_in=1,1738723582,a2c2b7,200,request
683adc,192.168.97.5,GET,https://ddevboot.ddev.site/user/1?check_logged_in=1,1738723582,a2c2b7,200,request
9cba57,192.168.97.5,GET,https://ddevboot.ddev.site/user/1?check_logged_in=1,1738723582,a2c2b7,200,request
e2bd3d,192.168.97.5,GET,https://ddevboot.ddev.site/user/1?check_logged_in=1,1738723582,a2c2b7,200,request
343736,192.168.97.5,GET,https://ddevboot.ddev.site/unav/load/header.html,1738723582,343736,200,request
5e43b7,192.168.97.5,GET,https://ddevboot.ddev.site/unav/load/footer.html,1738723582,5e43b7,200,request
baaff2,192.168.97.5,GET,https://ddevboot.ddev.site/unav/load/gtm.html,1738723582,baaff2,200,request
95a5b5,192.168.97.5,GET,https://ddevboot.ddev.site/unav/load/header.html,1738723582,95a5b5,404,request
34f5ee,192.168.97.5,GET,https://ddevboot.ddev.site/unav/load/gtm.html,1738723582,34f5ee,404,request
5645c2,192.168.97.5,GET,https://ddevboot.ddev.site/unav/load/footer.html,1738723582,5645c2,404,request
36023e,192.168.97.5,GET,https://ddevboot.ddev.site/unav/load/header.html,1738723582,95a5b5,200,request
90ab2b,192.168.97.5,GET,https://ddevboot.ddev.site/unav/load/gtm.html,1738723582,34f5ee,200,request
3fe20a,192.168.97.5,GET,https://ddevboot.ddev.site/unav/load/footer.html,1738723582,5645c2,200,request
76ce3f,192.168.97.5,GET,https://ddevboot.ddev.site/unav/load/header.html,1738723582,95a5b5,200,request
6c1728,192.168.97.5,GET,https://ddevboot.ddev.site/unav/load/gtm.html,1738723582,34f5ee,200,request
d8c2e1,192.168.97.5,GET,https://ddevboot.ddev.site/unav/load/footer.html,1738723582,5645c2,200,request
8404cb,192.168.97.5,GET,https://ddevboot.ddev.site/unav/load/header.html,1738723582,95a5b5,200,request
ac3701,192.168.97.5,GET,https://ddevboot.ddev.site/unav/load/gtm.html,1738723582,34f5ee,200,request
f2c372,192.168.97.5,GET,https://ddevboot.ddev.site/unav/load/footer.html,1738723582,5645c2,200,request
0ec43b,192.168.97.5,GET,https://ddevboot.ddev.site/unav/load/header.html,1738723582,95a5b5,200,request
b30753,192.168.97.5,GET,https://ddevboot.ddev.site/unav/load/gtm.html,1738723582,34f5ee,200,request
021c19,192.168.97.5,GET,https://ddevboot.ddev.site/unav/load/footer.html,1738723582,5645c2,200,request
7e1962,192.168.97.5,GET,https://ddevboot.ddev.site/unav/load/header.html,1738723582,95a5b5,200,request
0d145e,192.168.97.5,GET,https://ddevboot.ddev.site/unav/load/gtm.html,1738723582,34f5ee,200,request
1c8d02,192.168.97.5,GET,https://ddevboot.ddev.site/unav/load/footer.html,1738723582,5645c2,200,request
05594a,192.168.97.5,GET,https://ddevboot.ddev.site/unav/load/header.html,1738723582,95a5b5,200,request
c8f992,192.168.97.5,GET,https://ddevboot.ddev.site/unav/load/footer.html,1738723582,5645c2,200,request
d9a0aa,192.168.97.5,GET,https://ddevboot.ddev.site/unav/load/gtm.html,1738723582,34f5ee,200,request
8a6e9b,192.168.97.5,GET,https://ddevboot.ddev.site/unav/load/header.html,1738723582,95a5b5,200,request
8ea121,192.168.97.5,GET,https://ddevboot.ddev.site/unav/load/gtm.html,1738723582,34f5ee,200,request
00710c,192.168.97.5,GET,https://ddevboot.ddev.site/unav/load/footer.html,1738723582,5645c2,200,request
b3c097,192.168.97.5,GET,https://ddevboot.ddev.site/unav/load/gtm.html,1738723582,34f5ee,200,request
ed2048,192.168.97.5,GET,https://ddevboot.ddev.site/unav/load/header.html,1738723582,95a5b5,200,request
df9e71,192.168.97.5,GET,https://ddevboot.ddev.site/unav/load/footer.html,1738723582,5645c2,200,request
389839,192.168.97.5,GET,https://ddevboot.ddev.site/,1738723587,389839,200,request
2beca7,192.168.97.5,GET,https://ddevboot.ddev.site/,1738723587,389839,200,request
849400,192.168.97.5,GET,https://ddevboot.ddev.site/,1738723587,389839,200,request
6abbe3,192.168.97.5,GET,https://ddevboot.ddev.site/,1738723587,389839,200,request
cbd835,192.168.97.5,GET,https://ddevboot.ddev.site/,1738723587,389839,200,request
1df84b,192.168.97.5,GET,https://ddevboot.ddev.site/,1738723587,389839,200,request
2a9b35,192.168.97.5,GET,https://ddevboot.ddev.site/,1738723587,389839,200,request
7bc9b0,192.168.97.5,GET,https://ddevboot.ddev.site/,1738723587,389839,200,request
f409c0,192.168.97.5,GET,https://ddevboot.ddev.site/,1738723587,389839,200,request
6e42ea,192.168.97.5,GET,https://ddevboot.ddev.site/unav/load/gtm.html,1738723587,6e42ea,200,request
34246b,192.168.97.5,GET,https://ddevboot.ddev.site/unav/load/footer.html,1738723587,34246b,200,request
c8d54e,192.168.97.5,GET,https://ddevboot.ddev.site/unav/load/header.html,1738723587,c8d54e,200,request
023e48,192.168.97.5,GET,https://ddevboot.ddev.site/unav/load/gtm.html,1738723587,023e48,404,request
25bf17,192.168.97.5,GET,https://ddevboot.ddev.site/unav/load/footer.html,1738723587,25bf17,404,request
8f8bcc,192.168.97.5,GET,https://ddevboot.ddev.site/unav/load/header.html,1738723587,8f8bcc,404,request
f5b358,192.168.97.5,GET,https://ddevboot.ddev.site/unav/load/gtm.html,1738723587,023e48,200,request
0456ed,192.168.97.5,GET,https://ddevboot.ddev.site/unav/load/footer.html,1738723587,25bf17,200,request
584669,192.168.97.5,GET,https://ddevboot.ddev.site/unav/load/header.html,1738723587,8f8bcc,200,request
604c96,192.168.97.5,GET,https://ddevboot.ddev.site/unav/load/gtm.html,1738723587,023e48,200,request
345aa6,192.168.97.5,GET,https://ddevboot.ddev.site/unav/load/footer.html,1738723587,25bf17,200,request
7bede1,192.168.97.5,GET,https://ddevboot.ddev.site/unav/load/header.html,1738723587,8f8bcc,200,request
ddf25b,192.168.97.5,GET,https://ddevboot.ddev.site/unav/load/footer.html,1738723587,25bf17,200,request
7c1482,192.168.97.5,GET,https://ddevboot.ddev.site/unav/load/gtm.html,1738723587,023e48,200,request
0f17f4,192.168.97.5,GET,https://ddevboot.ddev.site/unav/load/header.html,1738723587,8f8bcc,200,request
012a8f,192.168.97.5,GET,https://ddevboot.ddev.site/unav/load/gtm.html,1738723587,023e48,200,request
9c0c8f,192.168.97.5,GET,https://ddevboot.ddev.site/unav/load/footer.html,1738723587,25bf17,200,request
b1bd01,192.168.97.5,GET,https://ddevboot.ddev.site/unav/load/header.html,1738723587,8f8bcc,200,request
bef3aa,192.168.97.5,GET,https://ddevboot.ddev.site/unav/load/gtm.html,1738723587,023e48,200,request
abe02b,192.168.97.5,GET,https://ddevboot.ddev.site/unav/load/footer.html,1738723587,25bf17,200,request
aa9b46,192.168.97.5,GET,https://ddevboot.ddev.site/unav/load/header.html,1738723587,8f8bcc,200,request
9dc65e,192.168.97.5,GET,https://ddevboot.ddev.site/unav/load/gtm.html,1738723587,023e48,200,request
a371b5,192.168.97.5,GET,https://ddevboot.ddev.site/unav/load/header.html,1738723587,8f8bcc,200,request
402f9f,192.168.97.5,GET,https://ddevboot.ddev.site/unav/load/footer.html,1738723587,25bf17,200,request
094f93,192.168.97.5,GET,https://ddevboot.ddev.site/unav/load/gtm.html,1738723587,023e48,200,request
ea52d3,192.168.97.5,GET,https://ddevboot.ddev.site/unav/load/header.html,1738723587,8f8bcc,200,request
f269bc,192.168.97.5,GET,https://ddevboot.ddev.site/unav/load/footer.html,1738723587,25bf17,200,request
8d879b,192.168.97.5,GET,https://ddevboot.ddev.site/unav/load/gtm.html,1738723587,023e48,200,request
d3083e,192.168.97.5,GET,https://ddevboot.ddev.site/unav/load/footer.html,1738723587,25bf17,200,request
743017,192.168.97.5,GET,https://ddevboot.ddev.site/unav/load/header.html,1738723587,8f8bcc,200,request
